LOCATION,INDICATOR,TIME,VALUE
AUS,QGDP,1970-Q2,2.003171762
AUS,QGDP,1970-Q3,-0.205850676
AUS,QGDP,1970-Q4,0.482179381
AUS,QGDP,1971-Q1,1.207459571
AUS,QGDP,1971-Q2,0.424501254
AUS,QGDP,1971-Q3,3.143882256
AUS,QGDP,1971-Q4,-0.316455696
AUS,QGDP,1972-Q1,-1.215964192
AUS,QGDP,1972-Q2,2.233633724
AUS,QGDP,1972-Q3,-0.502298096
AUS,QGDP,1972-Q4,1.064935493
AUS,QGDP,1973-Q1,2.578375599
AUS,QGDP,1973-Q2,0.185394421
AUS,QGDP,1973-Q3,1.012620025
AUS,QGDP,1973-Q4,2.501847688
AUS,QGDP,1974-Q1,0.013807069
AUS,QGDP,1974-Q2,-2.032426794
AUS,QGDP,1974-Q3,1.196217198
AUS,QGDP,1974-Q4,0.105984652
AUS,QGDP,1975-Q1,0.389486944
AUS,QGDP,1975-Q2,3.15076402
AUS,QGDP,1975-Q3,-1.09180734
AUS,QGDP,1975-Q4,-1.50224469
AUS,QGDP,1976-Q1,4.410773379
AUS,QGDP,1976-Q2,0.304470954
AUS,QGDP,1976-Q3,0.812627544
AUS,QGDP,1976-Q4,0.87935688
AUS,QGDP,1977-Q1,-0.550201381
AUS,QGDP,1977-Q2,1.410956427
AUS,QGDP,1977-Q3,-0.424315034
AUS,QGDP,1977-Q4,-0.307954537
AUS,QGDP,1978-Q1,0.700426003
AUS,QGDP,1978-Q2,0.816830271
AUS,QGDP,1978-Q3,1.522774393
AUS,QGDP,1978-Q4,0.83987928
AUS,QGDP,1979-Q1,2.73296562
AUS,QGDP,1979-Q2,-1.609343883
AUS,QGDP,1979-Q3,0.93202954
AUS,QGDP,1979-Q4,1.941694952
AUS,QGDP,1980-Q1,0.439293143
AUS,QGDP,1980-Q2,0.256732614
AUS,QGDP,1980-Q3,0.529970037
AUS,QGDP,1980-Q4,1.735151424
AUS,QGDP,1981-Q1,0.376216412
AUS,QGDP,1981-Q2,1.545513575
AUS,QGDP,1981-Q3,2.010750169
AUS,QGDP,1981-Q4,-0.388513409
AUS,QGDP,1982-Q1,-0.823670881
AUS,QGDP,1982-Q2,0.901500826
AUS,QGDP,1982-Q3,-0.67241959
AUS,QGDP,1982-Q4,-1.572078679
AUS,QGDP,1983-Q1,-1.010023818
AUS,QGDP,1983-Q2,-0.183993824
AUS,QGDP,1983-Q3,2.788197533
AUS,QGDP,1983-Q4,1.677953348
AUS,QGDP,1984-Q1,2.50869533
AUS,QGDP,1984-Q2,1.122581577
AUS,QGDP,1984-Q3,0.848355048
AUS,QGDP,1984-Q4,0.701998631
AUS,QGDP,1985-Q1,1.44634635
AUS,QGDP,1985-Q2,2.211635629
AUS,QGDP,1985-Q3,1.351374255
AUS,QGDP,1985-Q4,-0.245823509
AUS,QGDP,1986-Q1,0.638704486
AUS,QGDP,1986-Q2,-0.177680054
AUS,QGDP,1986-Q3,0.282012916
AUS,QGDP,1986-Q4,1.657921303
AUS,QGDP,1987-Q1,0.955394898
AUS,QGDP,1987-Q2,1.572751938
AUS,QGDP,1987-Q3,1.813383279
AUS,QGDP,1987-Q4,2.028806756
AUS,QGDP,1988-Q1,0.424636063
AUS,QGDP,1988-Q2,0.071918594
AUS,QGDP,1988-Q3,0.817040103
AUS,QGDP,1988-Q4,1.58089778
AUS,QGDP,1989-Q1,1.014801469
AUS,QGDP,1989-Q2,2.10873796
AUS,QGDP,1989-Q3,0.842481121
AUS,QGDP,1989-Q4,-0.26986808
AUS,QGDP,1990-Q1,0.794042998
AUS,QGDP,1990-Q2,0.126141221
AUS,QGDP,1990-Q3,-0.570961316
AUS,QGDP,1990-Q4,0.592887265
AUS,QGDP,1991-Q1,-1.291435742
AUS,QGDP,1991-Q2,-0.164203612
AUS,QGDP,1991-Q3,0.435059423
AUS,QGDP,1991-Q4,0.060990251
AUS,QGDP,1992-Q1,0.763593256
AUS,QGDP,1992-Q2,0.716367863
AUS,QGDP,1992-Q3,0.988403988
AUS,QGDP,1992-Q4,2.069850428
AUS,QGDP,1993-Q1,0.709297951
AUS,QGDP,1993-Q2,0.583577819
AUS,QGDP,1993-Q3,0.122741622
AUS,QGDP,1993-Q4,1.836605446
AUS,QGDP,1994-Q1,1.633351102
AUS,QGDP,1994-Q2,1.198442287
AUS,QGDP,1994-Q3,0.771360332
AUS,QGDP,1994-Q4,1.044894461
AUS,QGDP,1995-Q1,0.039870548
AUS,QGDP,1995-Q2,0.401938463
AUS,QGDP,1995-Q3,2.256286818
AUS,QGDP,1995-Q4,-0.026017147
AUS,QGDP,1996-Q1,1.643637565
AUS,QGDP,1996-Q2,0.686406788
AUS,QGDP,1996-Q3,0.774158133
AUS,QGDP,1996-Q4,0.924016005
AUS,QGDP,1997-Q1,0.621085968
AUS,QGDP,1997-Q2,2.973460123
AUS,QGDP,1997-Q3,0.140951885
AUS,QGDP,1997-Q4,1.446165615
AUS,QGDP,1998-Q1,0.673752314
AUS,QGDP,1998-Q2,0.917166633
AUS,QGDP,1998-Q3,1.888914041
AUS,QGDP,1998-Q4,1.501327593
AUS,QGDP,1999-Q1,0.744584271
AUS,QGDP,1999-Q2,0.322702437
AUS,QGDP,1999-Q3,1.154938578
AUS,QGDP,1999-Q4,1.706134855
AUS,QGDP,2000-Q1,0.403417836
AUS,QGDP,2000-Q2,0.936953286
AUS,QGDP,2000-Q3,0.246876586
AUS,QGDP,2000-Q4,-0.354287112
AUS,QGDP,2001-Q1,1.035278557
AUS,QGDP,2001-Q2,0.812111152
AUS,QGDP,2001-Q3,1.195133787
AUS,QGDP,2001-Q4,1.213760806
AUS,QGDP,2002-Q1,0.764615928
AUS,QGDP,2002-Q2,1.70733131
AUS,QGDP,2002-Q3,0.300981058
AUS,QGDP,2002-Q4,0.820128105
AUS,QGDP,2003-Q1,0.204625353
AUS,QGDP,2003-Q2,0.411876129
AUS,QGDP,2003-Q3,1.730994005
AUS,QGDP,2003-Q4,1.649791928
AUS,QGDP,2004-Q1,0.789992818
AUS,QGDP,2004-Q2,0.653017047
AUS,QGDP,2004-Q3,0.765572821
AUS,QGDP,2004-Q4,0.766574279
AUS,QGDP,2005-Q1,0.769862119
AUS,QGDP,2005-Q2,0.423590271
AUS,QGDP,2005-Q3,1.114247425
AUS,QGDP,2005-Q4,0.785436648
AUS,QGDP,2006-Q1,0.118665921
AUS,QGDP,2006-Q2,0.18747507
AUS,QGDP,2006-Q3,1.489031333
AUS,QGDP,2006-Q4,1.310266369
AUS,QGDP,2007-Q1,1.390955608
AUS,QGDP,2007-Q2,0.607781679
AUS,QGDP,2007-Q3,1.141247319
AUS,QGDP,2007-Q4,0.43885517
AUS,QGDP,2008-Q1,1.035091138
AUS,QGDP,2008-Q2,0.285841847
AUS,QGDP,2008-Q3,0.709143259
AUS,QGDP,2008-Q4,-0.445194282
AUS,QGDP,2009-Q1,0.911711153
AUS,QGDP,2009-Q2,0.747253777
AUS,QGDP,2009-Q3,0.283762725
AUS,QGDP,2009-Q4,0.787545646
AUS,QGDP,2010-Q1,0.434419083
AUS,QGDP,2010-Q2,0.640536054
AUS,QGDP,2010-Q3,0.700459384
AUS,QGDP,2010-Q4,0.918657258
AUS,QGDP,2011-Q1,-0.302186997
AUS,QGDP,2011-Q2,1.270086187
AUS,QGDP,2011-Q3,1.346117339
AUS,QGDP,2011-Q4,1.110027222
AUS,QGDP,2012-Q1,0.947949398
AUS,QGDP,2012-Q2,0.717870983
AUS,QGDP,2012-Q3,0.59112228
AUS,QGDP,2012-Q4,0.515662787
AUS,QGDP,2013-Q1,0.425018021
AUS,QGDP,2013-Q2,0.399448137
AUS,QGDP,2013-Q3,0.785040134
AUS,QGDP,2013-Q4,0.832588648
AUS,QGDP,2014-Q1,0.757646704
AUS,QGDP,2014-Q2,0.433215452
AUS,QGDP,2014-Q3,0.475136051
AUS,QGDP,2014-Q4,0.393587578
AUS,QGDP,2015-Q1,0.906714882
AUS,QGDP,2015-Q2,0.085155453
AUS,QGDP,2015-Q3,1.042488323
AUS,QGDP,2015-Q4,0.627153098
AUS,QGDP,2016-Q1,0.857287928
AUS,QGDP,2016-Q2,0.630262541
AUS,QGDP,2016-Q3,0.131833212
AUS,QGDP,2016-Q4,1.077293215
AUS,QGDP,2017-Q1,0.237389102
AUS,QGDP,2017-Q2,0.652067632
AUS,QGDP,2017-Q3,0.972921371
AUS,QGDP,2017-Q4,0.453139805
AUS,QGDP,2018-Q1,0.862388859
AUS,QGDP,2018-Q2,0.879679205
AUS,QGDP,2018-Q3,0.410944112
AUS,QGDP,2018-Q4,0.136150216
AUS,QGDP,2019-Q1,0.417418933
AUS,QGDP,2019-Q2,0.69778376
AUS,QGDP,2019-Q3,0.803162955
AUS,QGDP,2019-Q4,0.390628883
AUS,QGDP,2020-Q1,-0.293663366
AUS,QGDP,2020-Q2,-6.792819309
AUS,QGDP,2020-Q3,3.416049809
AUS,QGDP,2020-Q4,3.268596012
AUS,QGDP,2021-Q1,1.820594162
AUS,QGDP,2021-Q2,0.703263543
AUS,QGDP,2021-Q3,-1.922074081
CAN,QGDP,1970-Q2,-0.004057869
CAN,QGDP,1970-Q3,1.032504848
CAN,QGDP,1970-Q4,0.178300435
CAN,QGDP,1971-Q1,-0.573694762
CAN,QGDP,1971-Q2,2.900629253
CAN,QGDP,1971-Q3,2.780357231
CAN,QGDP,1971-Q4,1.105730736
CAN,QGDP,1972-Q1,-0.349406697
CAN,QGDP,1972-Q2,2.830064499
CAN,QGDP,1972-Q3,0.278737839
CAN,QGDP,1972-Q4,2.369387683
CAN,QGDP,1973-Q1,2.61132786
CAN,QGDP,1973-Q2,1.084605289
CAN,QGDP,1973-Q3,0.362013934
CAN,QGDP,1973-Q4,1.868824427
CAN,QGDP,1974-Q1,0.741400547
CAN,QGDP,1974-Q2,1.094286656
CAN,QGDP,1974-Q3,-0.087894261
CAN,QGDP,1974-Q4,-0.463837034
CAN,QGDP,1975-Q1,-0.628394126
CAN,QGDP,1975-Q2,1.299640149
CAN,QGDP,1975-Q3,1.877954578
CAN,QGDP,1975-Q4,1.166484824
CAN,QGDP,1976-Q1,1.732839462
CAN,QGDP,1976-Q2,2.163803961
CAN,QGDP,1976-Q3,0.445344075
CAN,QGDP,1976-Q4,0.206075061
CAN,QGDP,1977-Q1,1.422042393
CAN,QGDP,1977-Q2,0.537242437
CAN,QGDP,1977-Q3,0.528995067
CAN,QGDP,1977-Q4,1.58111274
CAN,QGDP,1978-Q1,0.840853027
CAN,QGDP,1978-Q2,0.685996478
CAN,QGDP,1978-Q3,0.954509352
CAN,QGDP,1978-Q4,0.87695671
CAN,QGDP,1979-Q1,0.831951715
CAN,QGDP,1979-Q2,1.347063852
CAN,QGDP,1979-Q3,0.691984333
CAN,QGDP,1979-Q4,0.665624679
CAN,QGDP,1980-Q1,0.700189435
CAN,QGDP,1980-Q2,-0.031789499
CAN,QGDP,1980-Q3,-0.114812067
CAN,QGDP,1980-Q4,1.380163092
CAN,QGDP,1981-Q1,2.20395557
CAN,QGDP,1981-Q2,1.123957546
CAN,QGDP,1981-Q3,-0.897752489
CAN,QGDP,1981-Q4,-0.457822775
CAN,QGDP,1982-Q1,-1.176410874
CAN,QGDP,1982-Q2,-1.157146926
CAN,QGDP,1982-Q3,-0.876514444
CAN,QGDP,1982-Q4,-0.922628586
CAN,QGDP,1983-Q1,1.672805457
CAN,QGDP,1983-Q2,1.965445626
CAN,QGDP,1983-Q3,1.118398007
CAN,QGDP,1983-Q4,1.260197667
CAN,QGDP,1984-Q1,1.720298067
CAN,QGDP,1984-Q2,1.955921331
CAN,QGDP,1984-Q3,0.420533849
CAN,QGDP,1984-Q4,1.584483871
CAN,QGDP,1985-Q1,1.51940209
CAN,QGDP,1985-Q2,0.318739387
CAN,QGDP,1985-Q3,1.268698772
CAN,QGDP,1985-Q4,1.534781494
CAN,QGDP,1986-Q1,-0.030061903
CAN,QGDP,1986-Q2,0.568484015
CAN,QGDP,1986-Q3,0.126214599
CAN,QGDP,1986-Q4,-0.722101968
CAN,QGDP,1987-Q1,2.307193327
CAN,QGDP,1987-Q2,1.291592995
CAN,QGDP,1987-Q3,1.522052283
CAN,QGDP,1987-Q4,1.291892412
CAN,QGDP,1988-Q1,1.457933086
CAN,QGDP,1988-Q2,0.885658372
CAN,QGDP,1988-Q3,0.009098695
CAN,QGDP,1988-Q4,0.697440592
CAN,QGDP,1989-Q1,1.14072018
CAN,QGDP,1989-Q2,0.382183085
CAN,QGDP,1989-Q3,0.357792585
CAN,QGDP,1989-Q4,-0.213453123
CAN,QGDP,1990-Q1,0.942760141
CAN,QGDP,1990-Q2,-0.41411306
CAN,QGDP,1990-Q3,-0.707548459
CAN,QGDP,1990-Q4,-0.891196884
CAN,QGDP,1991-Q1,-1.427068555
CAN,QGDP,1991-Q2,0.466260689
CAN,QGDP,1991-Q3,0.133908241
CAN,QGDP,1991-Q4,0.184531308
CAN,QGDP,1992-Q1,0.072893567
CAN,QGDP,1992-Q2,0.122114907
CAN,QGDP,1992-Q3,0.53698518
CAN,QGDP,1992-Q4,0.568910538
CAN,QGDP,1993-Q1,0.639946265
CAN,QGDP,1993-Q2,0.910433228
CAN,QGDP,1993-Q3,0.953047096
CAN,QGDP,1993-Q4,0.431683602
CAN,QGDP,1994-Q1,1.473568699
CAN,QGDP,1994-Q2,1.461328599
CAN,QGDP,1994-Q3,1.278408105
CAN,QGDP,1994-Q4,0.729647389
CAN,QGDP,1995-Q1,0.929487425
CAN,QGDP,1995-Q2,0.040377509
CAN,QGDP,1995-Q3,0.131784833
CAN,QGDP,1995-Q4,0.409812959
CAN,QGDP,1996-Q1,0.06880559
CAN,QGDP,1996-Q2,0.696292748
CAN,QGDP,1996-Q3,0.863973279
CAN,QGDP,1996-Q4,0.80536636
CAN,QGDP,1997-Q1,1.319174451
CAN,QGDP,1997-Q2,1.129631513
CAN,QGDP,1997-Q3,1.183433842
CAN,QGDP,1997-Q4,0.968322222
CAN,QGDP,1998-Q1,1.41241503
CAN,QGDP,1998-Q2,0.053398141
CAN,QGDP,1998-Q3,0.91021039
CAN,QGDP,1998-Q4,1.360670376
CAN,QGDP,1999-Q1,1.813816174
CAN,QGDP,1999-Q2,0.836544698
CAN,QGDP,1999-Q3,1.56467609
CAN,QGDP,1999-Q4,1.40669634
CAN,QGDP,2000-Q1,1.59973568
CAN,QGDP,2000-Q2,1.188584709
CAN,QGDP,2000-Q3,1.016981788
CAN,QGDP,2000-Q4,0.1712074
CAN,QGDP,2001-Q1,0.529651011
CAN,QGDP,2001-Q2,0.269490025
CAN,QGDP,2001-Q3,-0.066614244
CAN,QGDP,2001-Q4,0.608829247
CAN,QGDP,2002-Q1,1.484226046
CAN,QGDP,2002-Q2,0.589373312
CAN,QGDP,2002-Q3,0.86544944
CAN,QGDP,2002-Q4,0.548620905
CAN,QGDP,2003-Q1,0.553325235
CAN,QGDP,2003-Q2,-0.147463728
CAN,QGDP,2003-Q3,0.373654347
CAN,QGDP,2003-Q4,0.689959181
CAN,QGDP,2004-Q1,0.720267587
CAN,QGDP,2004-Q2,1.187819015
CAN,QGDP,2004-Q3,1.180435577
CAN,QGDP,2004-Q4,0.718426544
CAN,QGDP,2005-Q1,0.346066595
CAN,QGDP,2005-Q2,0.725522707
CAN,QGDP,2005-Q3,1.211374835
CAN,QGDP,2005-Q4,0.988734322
CAN,QGDP,2006-Q1,0.810995411
CAN,QGDP,2006-Q2,0.051646385
CAN,QGDP,2006-Q3,0.279245485
CAN,QGDP,2006-Q4,0.398598242
CAN,QGDP,2007-Q1,0.639626644
CAN,QGDP,2007-Q2,0.968907263
CAN,QGDP,2007-Q3,0.419854575
CAN,QGDP,2007-Q4,0.113617046
CAN,QGDP,2008-Q1,0.076640567
CAN,QGDP,2008-Q2,0.361671897
CAN,QGDP,2008-Q3,0.820044012
CAN,QGDP,2008-Q4,-1.159518489
CAN,QGDP,2009-Q1,-2.259686183
CAN,QGDP,2009-Q2,-1.091258596
CAN,QGDP,2009-Q3,0.44993852
CAN,QGDP,2009-Q4,1.166157024
CAN,QGDP,2010-Q1,1.206341487
CAN,QGDP,2010-Q2,0.523260909
CAN,QGDP,2010-Q3,0.708694922
CAN,QGDP,2010-Q4,1.117505154
CAN,QGDP,2011-Q1,0.755347044
CAN,QGDP,2011-Q2,0.19480651
CAN,QGDP,2011-Q3,1.379639562
CAN,QGDP,2011-Q4,0.78751324
CAN,QGDP,2012-Q1,0.064087343
CAN,QGDP,2012-Q2,0.326163737
CAN,QGDP,2012-Q3,0.136217106
CAN,QGDP,2012-Q4,0.20678147
CAN,QGDP,2013-Q1,0.897004855
CAN,QGDP,2013-Q2,0.580357191
CAN,QGDP,2013-Q3,0.814973402
CAN,QGDP,2013-Q4,1.050559545
CAN,QGDP,2014-Q1,0.163447761
CAN,QGDP,2014-Q2,0.913329104
CAN,QGDP,2014-Q3,0.959051308
CAN,QGDP,2014-Q4,0.691975668
CAN,QGDP,2015-Q1,-0.549519408
CAN,QGDP,2015-Q2,-0.272172083
CAN,QGDP,2015-Q3,0.353701829
CAN,QGDP,2015-Q4,0.074877376
CAN,QGDP,2016-Q1,0.54850084
CAN,QGDP,2016-Q2,-0.491711724
CAN,QGDP,2016-Q3,1.031213682
CAN,QGDP,2016-Q4,0.561483087
CAN,QGDP,2017-Q1,1.08691958
CAN,QGDP,2017-Q2,1.023044213
CAN,QGDP,2017-Q3,0.421873021
CAN,QGDP,2017-Q4,0.517990679
CAN,QGDP,2018-Q1,0.875239281
CAN,QGDP,2018-Q2,0.785105341
CAN,QGDP,2018-Q3,0.690122507
CAN,QGDP,2018-Q4,0.340869542
CAN,QGDP,2019-Q1,0.090640853
CAN,QGDP,2019-Q2,0.990737829
CAN,QGDP,2019-Q3,0.326642811
CAN,QGDP,2019-Q4,0.300683754
CAN,QGDP,2020-Q1,-2.157302609
CAN,QGDP,2020-Q2,-11.04253725
CAN,QGDP,2020-Q3,8.983958377
CAN,QGDP,2020-Q4,2.192421261
CAN,QGDP,2021-Q1,1.204702201
CAN,QGDP,2021-Q2,-0.798903494
CAN,QGDP,2021-Q3,1.335114906
CAN,QGDP,2021-Q4,1.600008023
FRA,QGDP,1970-Q2,1.262038455
FRA,QGDP,1970-Q3,1.377238609
FRA,QGDP,1970-Q4,1.570186063
FRA,QGDP,1971-Q1,0.129083296
FRA,QGDP,1971-Q2,1.821986785
FRA,QGDP,1971-Q3,1.630601407
FRA,QGDP,1971-Q4,0.856781066
FRA,QGDP,1972-Q1,1.309796145
FRA,QGDP,1972-Q2,0.38417729
FRA,QGDP,1972-Q3,0.887960161
FRA,QGDP,1972-Q4,1.660236385
FRA,QGDP,1973-Q1,1.99228223
FRA,QGDP,1973-Q2,1.080382169
FRA,QGDP,1973-Q3,0.858845143
FRA,QGDP,1973-Q4,1.278319135
FRA,QGDP,1974-Q1,0.959287031
FRA,QGDP,1974-Q2,0.500642661
FRA,QGDP,1974-Q3,0.943450926
FRA,QGDP,1974-Q4,-1.510183316
FRA,QGDP,1975-Q1,-0.44990402
FRA,QGDP,1975-Q2,0.252750122
FRA,QGDP,1975-Q3,0.38735228
FRA,QGDP,1975-Q4,1.350335463
FRA,QGDP,1976-Q1,1.467728516
FRA,QGDP,1976-Q2,1.192260978
FRA,QGDP,1976-Q3,0.472915631
FRA,QGDP,1976-Q4,1.245840306
FRA,QGDP,1977-Q1,1.105448055
FRA,QGDP,1977-Q2,0.434796121
FRA,QGDP,1977-Q3,0.458443057
FRA,QGDP,1977-Q4,0.228252482
FRA,QGDP,1978-Q1,1.389138596
FRA,QGDP,1978-Q2,1.662617478
FRA,QGDP,1978-Q3,-0.087958221
FRA,QGDP,1978-Q4,0.851110816
FRA,QGDP,1979-Q1,0.860055009
FRA,QGDP,1979-Q2,0.955992372
FRA,QGDP,1979-Q3,1.143098761
FRA,QGDP,1979-Q4,0.190206929
FRA,QGDP,1980-Q1,1.167721708
FRA,QGDP,1980-Q2,-0.55232668
FRA,QGDP,1980-Q3,-0.08916722
FRA,QGDP,1980-Q4,-0.13836713
FRA,QGDP,1981-Q1,0.446159495
FRA,QGDP,1981-Q2,0.652127432
FRA,QGDP,1981-Q3,0.642762921
FRA,QGDP,1981-Q4,0.498057813
FRA,QGDP,1982-Q1,0.871261907
FRA,QGDP,1982-Q2,0.642093386
FRA,QGDP,1982-Q3,0.062064547
FRA,QGDP,1982-Q4,0.537892582
FRA,QGDP,1983-Q1,0.540321805
FRA,QGDP,1983-Q2,-0.033650484
FRA,QGDP,1983-Q3,0.095375131
FRA,QGDP,1983-Q4,0.576321368
FRA,QGDP,1984-Q1,0.616618205
FRA,QGDP,1984-Q2,0.367182307
FRA,QGDP,1984-Q3,0.463547567
FRA,QGDP,1984-Q4,0.283695276
FRA,QGDP,1985-Q1,0.132424726
FRA,QGDP,1985-Q2,0.62746158
FRA,QGDP,1985-Q3,0.744101866
FRA,QGDP,1985-Q4,0.349782418
FRA,QGDP,1986-Q1,0.337808986
FRA,QGDP,1986-Q2,1.122554165
FRA,QGDP,1986-Q3,0.345092025
FRA,QGDP,1986-Q4,0.358506451
FRA,QGDP,1987-Q1,0.237118668
FRA,QGDP,1987-Q2,1.160862355
FRA,QGDP,1987-Q3,0.693897488
FRA,QGDP,1987-Q4,1.693836158
FRA,QGDP,1988-Q1,1.224398533
FRA,QGDP,1988-Q2,0.599640098
FRA,QGDP,1988-Q3,1.299868549
FRA,QGDP,1988-Q4,1.051116577
FRA,QGDP,1989-Q1,1.272987273
FRA,QGDP,1989-Q2,0.822081835
FRA,QGDP,1989-Q3,1.076994611
FRA,QGDP,1989-Q4,1.525535046
FRA,QGDP,1990-Q1,0.503873218
FRA,QGDP,1990-Q2,0.391898058
FRA,QGDP,1990-Q3,0.458811149
FRA,QGDP,1990-Q4,0.361656348
FRA,QGDP,1991-Q1,-0.143014301
FRA,QGDP,1991-Q2,0.286975658
FRA,QGDP,1991-Q3,0.294460446
FRA,QGDP,1991-Q4,0.4950257
FRA,QGDP,1992-Q1,0.981187048
FRA,QGDP,1992-Q2,-0.063443091
FRA,QGDP,1992-Q3,0.021073317
FRA,QGDP,1992-Q4,-0.220696484
FRA,QGDP,1993-Q1,-0.553225521
FRA,QGDP,1993-Q2,0.041404241
FRA,QGDP,1993-Q3,0.124426616
FRA,QGDP,1993-Q4,0.275571148
FRA,QGDP,1994-Q1,0.727992432
FRA,QGDP,1994-Q2,1.086064015
FRA,QGDP,1994-Q3,0.541609465
FRA,QGDP,1994-Q4,0.887409013
FRA,QGDP,1995-Q1,0.57002799
FRA,QGDP,1995-Q2,0.48310039
FRA,QGDP,1995-Q3,0.075952251
FRA,QGDP,1995-Q4,0.172533741
FRA,QGDP,1996-Q1,0.624546995
FRA,QGDP,1996-Q2,0.174430278
FRA,QGDP,1996-Q3,0.613075776
FRA,QGDP,1996-Q4,0.126997724
FRA,QGDP,1997-Q1,0.302418352
FRA,QGDP,1997-Q2,1.151229333
FRA,QGDP,1997-Q3,0.783917676
FRA,QGDP,1997-Q4,1.09327762
FRA,QGDP,1998-Q1,0.838939092
FRA,QGDP,1998-Q2,0.931451026
FRA,QGDP,1998-Q3,0.688595506
FRA,QGDP,1998-Q4,0.762769164
FRA,QGDP,1999-Q1,0.506527306
FRA,QGDP,1999-Q2,0.827362062
FRA,QGDP,1999-Q3,1.219938382
FRA,QGDP,1999-Q4,1.399672002
FRA,QGDP,2000-Q1,0.910825971
FRA,QGDP,2000-Q2,0.989624262
FRA,QGDP,2000-Q3,0.61987286
FRA,QGDP,2000-Q4,0.817254758
FRA,QGDP,2001-Q1,0.544753658
FRA,QGDP,2001-Q2,0.188143713
FRA,QGDP,2001-Q3,0.270607469
FRA,QGDP,2001-Q4,0.022954576
FRA,QGDP,2002-Q1,0.373837789
FRA,QGDP,2002-Q2,0.462405019
FRA,QGDP,2002-Q3,0.415822968
FRA,QGDP,2002-Q4,-0.048717769
FRA,QGDP,2003-Q1,0.198992534
FRA,QGDP,2003-Q2,-0.214248249
FRA,QGDP,2003-Q3,0.66977107
FRA,QGDP,2003-Q4,0.725740742
FRA,QGDP,2004-Q1,0.933092814
FRA,QGDP,2004-Q2,0.648202223
FRA,QGDP,2004-Q3,0.25699377
FRA,QGDP,2004-Q4,0.754433528
FRA,QGDP,2005-Q1,0.270303852
FRA,QGDP,2005-Q2,0.185066307
FRA,QGDP,2005-Q3,0.497600204
FRA,QGDP,2005-Q4,0.782856255
FRA,QGDP,2006-Q1,0.766765232
FRA,QGDP,2006-Q2,0.99993841
FRA,QGDP,2006-Q3,0.011212438
FRA,QGDP,2006-Q4,0.79835412
FRA,QGDP,2007-Q1,0.743638776
FRA,QGDP,2007-Q2,0.756162707
FRA,QGDP,2007-Q3,0.357173752
FRA,QGDP,2007-Q4,0.237523776
FRA,QGDP,2008-Q1,0.394043108
FRA,QGDP,2008-Q2,-0.427139744
FRA,QGDP,2008-Q3,-0.277570152
FRA,QGDP,2008-Q4,-1.451331234
FRA,QGDP,2009-Q1,-1.647188808
FRA,QGDP,2009-Q2,-0.098888493
FRA,QGDP,2009-Q3,0.162337662
FRA,QGDP,2009-Q4,0.7038384
FRA,QGDP,2010-Q1,0.354464466
FRA,QGDP,2010-Q2,0.512216731
FRA,QGDP,2010-Q3,0.645812821
FRA,QGDP,2010-Q4,0.714554998
FRA,QGDP,2011-Q1,0.985524272
FRA,QGDP,2011-Q2,0.030984175
FRA,QGDP,2011-Q3,0.364283841
FRA,QGDP,2011-Q4,0.181196808
FRA,QGDP,2012-Q1,0.085615144
FRA,QGDP,2012-Q2,-0.155599407
FRA,QGDP,2012-Q3,0.194045856
FRA,QGDP,2012-Q4,-0.071729647
FRA,QGDP,2013-Q1,-0.011522761
FRA,QGDP,2013-Q2,0.658195517
FRA,QGDP,2013-Q3,0.014076312
FRA,QGDP,2013-Q4,0.481717444
FRA,QGDP,2014-Q1,0.075637032
FRA,QGDP,2014-Q2,0.12242072
FRA,QGDP,2014-Q3,0.498589969
FRA,QGDP,2014-Q4,0.091804714
FRA,QGDP,2015-Q1,0.478429004
FRA,QGDP,2015-Q2,0.010142642
FRA,QGDP,2015-Q3,0.334120077
FRA,QGDP,2015-Q4,0.150514949
FRA,QGDP,2016-Q1,0.632533934
FRA,QGDP,2016-Q2,-0.163932035
FRA,QGDP,2016-Q3,0.190867929
FRA,QGDP,2016-Q4,0.542344826
FRA,QGDP,2017-Q1,0.817741547
FRA,QGDP,2017-Q2,0.810209539
FRA,QGDP,2017-Q3,0.640460704
FRA,QGDP,2017-Q4,0.846090576
FRA,QGDP,2018-Q1,0.028651935
FRA,QGDP,2018-Q2,0.342670369
FRA,QGDP,2018-Q3,0.416980438
FRA,QGDP,2018-Q4,0.721497198
FRA,QGDP,2019-Q1,0.639795819
FRA,QGDP,2019-Q2,0.52165864
FRA,QGDP,2019-Q3,0.120324174
FRA,QGDP,2019-Q4,-0.388916811
FRA,QGDP,2020-Q1,-5.691945706
FRA,QGDP,2020-Q2,-13.4752883
FRA,QGDP,2020-Q3,18.61954958
FRA,QGDP,2020-Q4,-1.100713123
FRA,QGDP,2021-Q1,0.143243873
FRA,QGDP,2021-Q2,1.334612747
FRA,QGDP,2021-Q3,3.149931807
FRA,QGDP,2021-Q4,0.71059852
GBR,QGDP,1970-Q2,2.361106726
GBR,QGDP,1970-Q3,0.993702609
GBR,QGDP,1970-Q4,0.87143308
GBR,QGDP,1971-Q1,-0.49502952
GBR,QGDP,1971-Q2,1.793203475
GBR,QGDP,1971-Q3,1.77655997
GBR,QGDP,1971-Q4,0.385234788
GBR,QGDP,1972-Q1,0.113615307
GBR,QGDP,1972-Q2,2.643794049
GBR,QGDP,1972-Q3,0.270476751
GBR,QGDP,1972-Q4,1.554122162
GBR,QGDP,1973-Q1,4.964747219
GBR,QGDP,1973-Q2,0.134075038
GBR,QGDP,1973-Q3,-0.944805785
GBR,QGDP,1973-Q4,-0.436401722
GBR,QGDP,1974-Q1,-2.737780016
GBR,QGDP,1974-Q2,1.429145887
GBR,QGDP,1974-Q3,0.623390827
GBR,QGDP,1974-Q4,-1.463229067
GBR,QGDP,1975-Q1,0.060207186
GBR,QGDP,1975-Q2,-1.648500549
GBR,QGDP,1975-Q3,-0.350264333
GBR,QGDP,1975-Q4,1.145875318
GBR,QGDP,1976-Q1,1.653237203
GBR,QGDP,1976-Q2,-0.129451608
GBR,QGDP,1976-Q3,1.272004491
GBR,QGDP,1976-Q4,2.118166659
GBR,QGDP,1977-Q1,0.018535681
GBR,QGDP,1977-Q2,-0.717021427
GBR,QGDP,1977-Q3,0.680867706
GBR,QGDP,1977-Q4,1.703459448
GBR,QGDP,1978-Q1,0.883254195
GBR,QGDP,1978-Q2,1.168508775
GBR,QGDP,1978-Q3,1.377849789
GBR,QGDP,1978-Q4,0.903984664
GBR,QGDP,1979-Q1,-0.355860051
GBR,QGDP,1979-Q2,4.397800474
GBR,QGDP,1979-Q3,-2.232754797
GBR,QGDP,1979-Q4,1.039069334
GBR,QGDP,1980-Q1,-0.952731568
GBR,QGDP,1980-Q2,-1.996903962
GBR,QGDP,1980-Q3,-0.104192715
GBR,QGDP,1980-Q4,-1.092661354
GBR,QGDP,1981-Q1,-0.053992264
GBR,QGDP,1981-Q2,0.226214744
GBR,QGDP,1981-Q3,1.093149289
GBR,QGDP,1981-Q4,0.122461731
GBR,QGDP,1982-Q1,0.178475594
GBR,QGDP,1982-Q2,1.052334322
GBR,QGDP,1982-Q3,0.244521888
GBR,QGDP,1982-Q4,0.696929819
GBR,QGDP,1983-Q1,1.852809341
GBR,QGDP,1983-Q2,0.827410883
GBR,QGDP,1983-Q3,1.08345755
GBR,QGDP,1983-Q4,0.852220362
GBR,QGDP,1984-Q1,0.697636436
GBR,QGDP,1984-Q2,-0.882030369
GBR,QGDP,1984-Q3,0.64091575
GBR,QGDP,1984-Q4,1.960829859
GBR,QGDP,1985-Q1,0.799623349
GBR,QGDP,1985-Q2,2.137637487
GBR,QGDP,1985-Q3,0.091829396
GBR,QGDP,1985-Q4,0.236179275
GBR,QGDP,1986-Q1,1.132900807
GBR,QGDP,1986-Q2,0.741475755
GBR,QGDP,1986-Q3,0.4585683
GBR,QGDP,1986-Q4,1.791063001
GBR,QGDP,1987-Q1,0.939931199
GBR,QGDP,1987-Q2,1.463181038
GBR,QGDP,1987-Q3,2.421152356
GBR,QGDP,1987-Q4,1.11098778
GBR,QGDP,1988-Q1,1.735826963
GBR,QGDP,1988-Q2,0.548027624
GBR,QGDP,1988-Q3,1.484552846
GBR,QGDP,1988-Q4,0.832518866
GBR,QGDP,1989-Q1,0.407737802
GBR,QGDP,1989-Q2,0.626372861
GBR,QGDP,1989-Q3,0.067311473
GBR,QGDP,1989-Q4,0.067894851
GBR,QGDP,1990-Q1,0.648018721
GBR,QGDP,1990-Q2,0.490921234
GBR,QGDP,1990-Q3,-1.059967515
GBR,QGDP,1990-Q4,-0.360665206
GBR,QGDP,1991-Q1,-0.315031078
GBR,QGDP,1991-Q2,-0.148848557
GBR,QGDP,1991-Q3,-0.242120788
GBR,QGDP,1991-Q4,0.151018582
GBR,QGDP,1992-Q1,-0.012037926
GBR,QGDP,1992-Q2,-0.137819162
GBR,QGDP,1992-Q3,0.61390373
GBR,QGDP,1992-Q4,0.66754748
GBR,QGDP,1993-Q1,0.690059139
GBR,QGDP,1993-Q2,0.47472243
GBR,QGDP,1993-Q3,0.784885611
GBR,QGDP,1993-Q4,0.66848534
GBR,QGDP,1994-Q1,1.165132687
GBR,QGDP,1994-Q2,1.142664085
GBR,QGDP,1994-Q3,1.088298627
GBR,QGDP,1994-Q4,0.54227407
GBR,QGDP,1995-Q1,0.368565149
GBR,QGDP,1995-Q2,0.36311861
GBR,QGDP,1995-Q3,0.983747914
GBR,QGDP,1995-Q4,0.231353272
GBR,QGDP,1996-Q1,0.5543116
GBR,QGDP,1996-Q2,0.21065647
GBR,QGDP,1996-Q3,1.102764766
GBR,QGDP,1996-Q4,1.542455669
GBR,QGDP,1997-Q1,1.793340214
GBR,QGDP,1997-Q2,0.845069653
GBR,QGDP,1997-Q3,0.679984498
GBR,QGDP,1997-Q4,1.197077698
GBR,QGDP,1998-Q1,0.688948887
GBR,QGDP,1998-Q2,0.71752196
GBR,QGDP,1998-Q3,0.523815644
GBR,QGDP,1998-Q4,0.730094615
GBR,QGDP,1999-Q1,0.599685003
GBR,QGDP,1999-Q2,0.300501351
GBR,QGDP,1999-Q3,1.596845332
GBR,QGDP,1999-Q4,1.368329551
GBR,QGDP,2000-Q1,0.986406683
GBR,QGDP,2000-Q2,0.64698477
GBR,QGDP,2000-Q3,0.382359938
GBR,QGDP,2000-Q4,0.285860881
GBR,QGDP,2001-Q1,0.855138138
GBR,QGDP,2001-Q2,0.45993671
GBR,QGDP,2001-Q3,0.468170648
GBR,QGDP,2001-Q4,0.225694735
GBR,QGDP,2002-Q1,0.52893754
GBR,QGDP,2002-Q2,0.648963487
GBR,QGDP,2002-Q3,0.701421488
GBR,QGDP,2002-Q4,0.880044436
GBR,QGDP,2003-Q1,0.561056412
GBR,QGDP,2003-Q2,0.763307636
GBR,QGDP,2003-Q3,0.981985845
GBR,QGDP,2003-Q4,0.791027155
GBR,QGDP,2004-Q1,0.446923347
GBR,QGDP,2004-Q2,0.54316137
GBR,QGDP,2004-Q3,0.246693284
GBR,QGDP,2004-Q4,0.348659208
GBR,QGDP,2005-Q1,0.607756489
GBR,QGDP,2005-Q2,0.963318523
GBR,QGDP,2005-Q3,0.882092924
GBR,QGDP,2005-Q4,1.092055496
GBR,QGDP,2006-Q1,0.52996235
GBR,QGDP,2006-Q2,0.345980978
GBR,QGDP,2006-Q3,0.232546297
GBR,QGDP,2006-Q4,0.638018628
GBR,QGDP,2007-Q1,0.783737963
GBR,QGDP,2007-Q2,0.463747548
GBR,QGDP,2007-Q3,0.682438581
GBR,QGDP,2007-Q4,0.385228837
GBR,QGDP,2008-Q1,0.603271437
GBR,QGDP,2008-Q2,-0.45050659
GBR,QGDP,2008-Q3,-1.490218453
GBR,QGDP,2008-Q4,-2.005279354
GBR,QGDP,2009-Q1,-1.802244248
GBR,QGDP,2009-Q2,-0.313933676
GBR,QGDP,2009-Q3,0.063201652
GBR,QGDP,2009-Q4,0.3103824
GBR,QGDP,2010-Q1,0.698471499
GBR,QGDP,2010-Q2,1.133482316
GBR,QGDP,2010-Q3,0.700938054
GBR,QGDP,2010-Q4,0.120686818
GBR,QGDP,2011-Q1,0.46235612
GBR,QGDP,2011-Q2,0.101107568
GBR,QGDP,2011-Q3,0.319361612
GBR,QGDP,2011-Q4,0.127212644
GBR,QGDP,2012-Q1,0.677605433
GBR,QGDP,2012-Q2,-0.05884998
GBR,QGDP,2012-Q3,1.224551575
GBR,QGDP,2012-Q4,-0.246822544
GBR,QGDP,2013-Q1,0.459137577
GBR,QGDP,2013-Q2,0.657147062
GBR,QGDP,2013-Q3,0.767182928
GBR,QGDP,2013-Q4,0.525966842
GBR,QGDP,2014-Q1,0.932765882
GBR,QGDP,2014-Q2,0.806169711
GBR,QGDP,2014-Q3,0.677173328
GBR,QGDP,2014-Q4,0.560482829
GBR,QGDP,2015-Q1,0.644738174
GBR,QGDP,2015-Q2,0.738449044
GBR,QGDP,2015-Q3,0.537252584
GBR,QGDP,2015-Q4,0.679861698
GBR,QGDP,2016-Q1,0.441647198
GBR,QGDP,2016-Q2,0.577337338
GBR,QGDP,2016-Q3,0.445252857
GBR,QGDP,2016-Q4,0.73929692
GBR,QGDP,2017-Q1,0.649836103
GBR,QGDP,2017-Q2,0.310747896
GBR,QGDP,2017-Q3,0.428297394
GBR,QGDP,2017-Q4,0.402869485
GBR,QGDP,2018-Q1,0.236706446
GBR,QGDP,2018-Q2,0.54664776
GBR,QGDP,2018-Q3,0.631727016
GBR,QGDP,2018-Q4,0.335440843
GBR,QGDP,2019-Q1,0.641957711
GBR,QGDP,2019-Q2,0.13273242
GBR,QGDP,2019-Q3,0.45897235
GBR,QGDP,2019-Q4,-0.044750089
GBR,QGDP,2020-Q1,-2.637367304
GBR,QGDP,2020-Q2,-19.44947792
GBR,QGDP,2020-Q3,17.57247971
GBR,QGDP,2020-Q4,1.50247662
GBR,QGDP,2021-Q1,-1.170349138
GBR,QGDP,2021-Q2,5.648425902
GBR,QGDP,2021-Q3,0.988887018
GBR,QGDP,2021-Q4,0.963245341
ITA,QGDP,1970-Q2,0.729986912
ITA,QGDP,1970-Q3,2.006337881
ITA,QGDP,1970-Q4,0.11182118
ITA,QGDP,1971-Q1,-0.523040927
ITA,QGDP,1971-Q2,0.421992045
ITA,QGDP,1971-Q3,1.464775733
ITA,QGDP,1971-Q4,0.56453477
ITA,QGDP,1972-Q1,1.104811466
ITA,QGDP,1972-Q2,-0.045308383
ITA,QGDP,1972-Q3,1.348168499
ITA,QGDP,1972-Q4,0.475253324
ITA,QGDP,1973-Q1,0.901496317
ITA,QGDP,1973-Q2,2.996680537
ITA,QGDP,1973-Q3,3.18178299
ITA,QGDP,1973-Q4,2.442616376
ITA,QGDP,1974-Q1,0.810995874
ITA,QGDP,1974-Q2,0.955063814
ITA,QGDP,1974-Q3,0.16671244
ITA,QGDP,1974-Q4,-2.090374618
ITA,QGDP,1975-Q1,-1.739606011
ITA,QGDP,1975-Q2,-0.051609537
ITA,QGDP,1975-Q3,1.421426377
ITA,QGDP,1975-Q4,1.120331647
ITA,QGDP,1976-Q1,1.761832697
ITA,QGDP,1976-Q2,1.807450363
ITA,QGDP,1976-Q3,2.541459042
ITA,QGDP,1976-Q4,1.734669506
ITA,QGDP,1977-Q1,0.039609619
ITA,QGDP,1977-Q2,-0.55686306
ITA,QGDP,1977-Q3,-0.935347604
ITA,QGDP,1977-Q4,0.856853295
ITA,QGDP,1978-Q1,1.634293921
ITA,QGDP,1978-Q2,1.729759053
ITA,QGDP,1978-Q3,0.526216337
ITA,QGDP,1978-Q4,1.52383092
ITA,QGDP,1979-Q1,1.579975193
ITA,QGDP,1979-Q2,0.727095866
ITA,QGDP,1979-Q3,1.730408441
ITA,QGDP,1979-Q4,2.353893536
ITA,QGDP,1980-Q1,-0.183599872
ITA,QGDP,1980-Q2,0.776049009
ITA,QGDP,1980-Q3,0.083677275
ITA,QGDP,1980-Q4,0.852303473
ITA,QGDP,1981-Q1,-0.570495427
ITA,QGDP,1981-Q2,0.194997387
ITA,QGDP,1981-Q3,0.046310302
ITA,QGDP,1981-Q4,0.811647168
ITA,QGDP,1982-Q1,-0.039523113
ITA,QGDP,1982-Q2,-0.284173742
ITA,QGDP,1982-Q3,-0.053487539
ITA,QGDP,1982-Q4,-0.290768813
ITA,QGDP,1983-Q1,0.279768455
ITA,QGDP,1983-Q2,-0.120408691
ITA,QGDP,1983-Q3,1.862228848
ITA,QGDP,1983-Q4,2.216799557
ITA,QGDP,1984-Q1,-0.196112871
ITA,QGDP,1984-Q2,0.321964637
ITA,QGDP,1984-Q3,1.177467534
ITA,QGDP,1984-Q4,0.01604437
ITA,QGDP,1985-Q1,0.571727581
ITA,QGDP,1985-Q2,1.320883135
ITA,QGDP,1985-Q3,0.801015883
ITA,QGDP,1985-Q4,0.666795973
ITA,QGDP,1986-Q1,0.6231799
ITA,QGDP,1986-Q2,0.646812678
ITA,QGDP,1986-Q3,0.998122617
ITA,QGDP,1986-Q4,0.410590175
ITA,QGDP,1987-Q1,0.40962454
ITA,QGDP,1987-Q2,1.514381795
ITA,QGDP,1987-Q3,0.288641596
ITA,QGDP,1987-Q4,1.075995276
ITA,QGDP,1988-Q1,1.471709696
ITA,QGDP,1988-Q2,0.635269809
ITA,QGDP,1988-Q3,1.313966057
ITA,QGDP,1988-Q4,1.193897196
ITA,QGDP,1989-Q1,0.621204493
ITA,QGDP,1989-Q2,0.432396865
ITA,QGDP,1989-Q3,1.042437027
ITA,QGDP,1989-Q4,1.029139679
ITA,QGDP,1990-Q1,0.398617358
ITA,QGDP,1990-Q2,0.304784304
ITA,QGDP,1990-Q3,0.160344602
ITA,QGDP,1990-Q4,-0.649584431
ITA,QGDP,1991-Q1,1.973555466
ITA,QGDP,1991-Q2,-0.547240957
ITA,QGDP,1991-Q3,0.035820181
ITA,QGDP,1991-Q4,1.173646349
ITA,QGDP,1992-Q1,0.268945671
ITA,QGDP,1992-Q2,-0.057245116
ITA,QGDP,1992-Q3,-0.222055678
ITA,QGDP,1992-Q4,-0.689307199
ITA,QGDP,1993-Q1,-0.13946524
ITA,QGDP,1993-Q2,-0.241254257
ITA,QGDP,1993-Q3,-0.157708891
ITA,QGDP,1993-Q4,0.73313065
ITA,QGDP,1994-Q1,0.761668611
ITA,QGDP,1994-Q2,0.723639097
ITA,QGDP,1994-Q3,0.623469259
ITA,QGDP,1994-Q4,0.938947453
ITA,QGDP,1995-Q1,1.255574938
ITA,QGDP,1995-Q2,0.07015135
ITA,QGDP,1995-Q3,0.444805928
ITA,QGDP,1995-Q4,0.828152898
ITA,QGDP,1996-Q1,0.220015719
ITA,QGDP,1996-Q2,-0.105363425
ITA,QGDP,1996-Q3,0.148144048
ITA,QGDP,1996-Q4,-0.304402667
ITA,QGDP,1997-Q1,0.335582871
ITA,QGDP,1997-Q2,1.327081722
ITA,QGDP,1997-Q3,0.67142846
ITA,QGDP,1997-Q4,1.780133338
ITA,QGDP,1998-Q1,-0.721675503
ITA,QGDP,1998-Q2,0.560939403
ITA,QGDP,1998-Q3,0.159167729
ITA,QGDP,1998-Q4,-0.491645
ITA,QGDP,1999-Q1,0.609564323
ITA,QGDP,1999-Q2,0.357736336
ITA,QGDP,1999-Q3,0.887281301
ITA,QGDP,1999-Q4,1.561980076
ITA,QGDP,2000-Q1,1.021350086
ITA,QGDP,2000-Q2,0.813409884
ITA,QGDP,2000-Q3,0.6135343
ITA,QGDP,2000-Q4,1.444006377
ITA,QGDP,2001-Q1,0.665264133
ITA,QGDP,2001-Q2,-0.394784479
ITA,QGDP,2001-Q3,-0.284756427
ITA,QGDP,2001-Q4,-0.177660911
ITA,QGDP,2002-Q1,0.110900546
ITA,QGDP,2002-Q2,0.409076376
ITA,QGDP,2002-Q3,0.228678201
ITA,QGDP,2002-Q4,0.371460755
ITA,QGDP,2003-Q1,-0.345801554
ITA,QGDP,2003-Q2,-0.159797742
ITA,QGDP,2003-Q3,-0.072138451
ITA,QGDP,2003-Q4,0.935432546
ITA,QGDP,2004-Q1,0.212927831
ITA,QGDP,2004-Q2,0.424250894
ITA,QGDP,2004-Q3,-0.010942477
ITA,QGDP,2004-Q4,0.26025499
ITA,QGDP,2005-Q1,-0.202871017
ITA,QGDP,2005-Q2,0.744629442
ITA,QGDP,2005-Q3,0.624589563
ITA,QGDP,2005-Q4,0.15086591
ITA,QGDP,2006-Q1,0.219302058
ITA,QGDP,2006-Q2,0.674176792
ITA,QGDP,2006-Q3,0.428252758
ITA,QGDP,2006-Q4,1.271537183
ITA,QGDP,2007-Q1,-0.154555957
ITA,QGDP,2007-Q2,0.179574936
ITA,QGDP,2007-Q3,0.225514768
ITA,QGDP,2007-Q4,-0.341557589
ITA,QGDP,2008-Q1,1.115394904
ITA,QGDP,2008-Q2,-0.946149651
ITA,QGDP,2008-Q3,-1.232084951
ITA,QGDP,2008-Q4,-2.62005395
ITA,QGDP,2009-Q1,-2.693743756
ITA,QGDP,2009-Q2,-0.31826115
ITA,QGDP,2009-Q3,0.581847754
ITA,QGDP,2009-Q4,0.324504377
ITA,QGDP,2010-Q1,0.268181138
ITA,QGDP,2010-Q2,0.747525358
ITA,QGDP,2010-Q3,0.478045488
ITA,QGDP,2010-Q4,0.548737105
ITA,QGDP,2011-Q1,0.476721845
ITA,QGDP,2011-Q2,0.044972402
ITA,QGDP,2011-Q3,-0.522658531
ITA,QGDP,2011-Q4,-0.948213761
ITA,QGDP,2012-Q1,-1.085703719
ITA,QGDP,2012-Q2,-0.738444078
ITA,QGDP,2012-Q3,-0.518145832
ITA,QGDP,2012-Q4,-0.752078082
ITA,QGDP,2013-Q1,-0.932763968
ITA,QGDP,2013-Q2,0.01957188
ITA,QGDP,2013-Q3,0.230430244
ITA,QGDP,2013-Q4,-0.22126949
ITA,QGDP,2014-Q1,0.158065957
ITA,QGDP,2014-Q2,-0.031894163
ITA,QGDP,2014-Q3,0.102746085
ITA,QGDP,2014-Q4,-0.268513906
ITA,QGDP,2015-Q1,0.264507832
ITA,QGDP,2015-Q2,0.396262071
ITA,QGDP,2015-Q3,0.240078305
ITA,QGDP,2015-Q4,0.528458231
ITA,QGDP,2016-Q1,0.272584725
ITA,QGDP,2016-Q2,0.2056263
ITA,QGDP,2016-Q3,0.56670361
ITA,QGDP,2016-Q4,0.286547125
ITA,QGDP,2017-Q1,0.549260578
ITA,QGDP,2017-Q2,0.399895852
ITA,QGDP,2017-Q3,0.3818128
ITA,QGDP,2017-Q4,0.536468886
ITA,QGDP,2018-Q1,-0.021414079
ITA,QGDP,2018-Q2,0.019183674
ITA,QGDP,2018-Q3,0.067735175
ITA,QGDP,2018-Q4,0.324769199
ITA,QGDP,2019-Q1,0.0343843
ITA,QGDP,2019-Q2,0.210105556
ITA,QGDP,2019-Q3,0.140509113
ITA,QGDP,2019-Q4,-0.546812459
ITA,QGDP,2020-Q1,-5.831750064
ITA,QGDP,2020-Q2,-12.73008866
ITA,QGDP,2020-Q3,15.79112908
ITA,QGDP,2020-Q4,-1.687509259
ITA,QGDP,2021-Q1,0.320779363
ITA,QGDP,2021-Q2,2.726170904
ITA,QGDP,2021-Q3,2.613138148
ITA,QGDP,2021-Q4,0.612598122
JPN,QGDP,1970-Q2,1.212645697
JPN,QGDP,1970-Q3,2.680797035
JPN,QGDP,1970-Q4,-0.322008363
JPN,QGDP,1971-Q1,0.910971913
JPN,QGDP,1971-Q2,1.613126047
JPN,QGDP,1971-Q3,1.218442597
JPN,QGDP,1971-Q4,0.911049697
JPN,QGDP,1972-Q1,3.258014557
JPN,QGDP,1972-Q2,1.881993872
JPN,QGDP,1972-Q3,2.13452832
JPN,QGDP,1972-Q4,2.515679627
JPN,QGDP,1973-Q1,3.344675477
JPN,QGDP,1973-Q2,0.91447627
JPN,QGDP,1973-Q3,0.291681205
JPN,QGDP,1973-Q4,1.235735789
JPN,QGDP,1974-Q1,-3.435981747
JPN,QGDP,1974-Q2,0.720303476
JPN,QGDP,1974-Q3,1.279660157
JPN,QGDP,1974-Q4,-0.542348904
JPN,QGDP,1975-Q1,0.130852508
JPN,QGDP,1975-Q2,2.220142359
JPN,QGDP,1975-Q3,1.138138264
JPN,QGDP,1975-Q4,1.051509853
JPN,QGDP,1976-Q1,0.847324585
JPN,QGDP,1976-Q2,0.590800499
JPN,QGDP,1976-Q3,1.406011224
JPN,QGDP,1976-Q4,0.118914049
JPN,QGDP,1977-Q1,2.187257002
JPN,QGDP,1977-Q2,0.703787517
JPN,QGDP,1977-Q3,0.681686576
JPN,QGDP,1977-Q4,1.356456852
JPN,QGDP,1978-Q1,1.889184999
JPN,QGDP,1978-Q2,0.972000933
JPN,QGDP,1978-Q3,1.293282486
JPN,QGDP,1978-Q4,1.443061634
JPN,QGDP,1979-Q1,1.495580739
JPN,QGDP,1979-Q2,1.827155452
JPN,QGDP,1979-Q3,0.762663736
JPN,QGDP,1979-Q4,0.434649
JPN,QGDP,1980-Q1,0.38255242
JPN,QGDP,1980-Q2,-0.527155036
JPN,QGDP,1980-Q3,2.239931727
JPN,QGDP,1980-Q4,2.125487999
JPN,QGDP,1981-Q1,0.613078575
JPN,QGDP,1981-Q2,1.223762939
JPN,QGDP,1981-Q3,-0.222416724
JPN,QGDP,1981-Q4,0.729939813
JPN,QGDP,1982-Q1,1.532500574
JPN,QGDP,1982-Q2,0.686562871
JPN,QGDP,1982-Q3,0.437004283
JPN,QGDP,1982-Q4,1.389602027
JPN,QGDP,1983-Q1,0.06306144
JPN,QGDP,1983-Q2,0.751951743
JPN,QGDP,1983-Q3,1.496253621
JPN,QGDP,1983-Q4,0.83312633
JPN,QGDP,1984-Q1,1.15167553
JPN,QGDP,1984-Q2,1.514425641
JPN,QGDP,1984-Q3,1.222067612
JPN,QGDP,1984-Q4,0.172601927
JPN,QGDP,1985-Q1,2.450569896
JPN,QGDP,1985-Q2,2.024950032
JPN,QGDP,1985-Q3,1.308559679
JPN,QGDP,1985-Q4,1.328426309
JPN,QGDP,1986-Q1,0.397646389
JPN,QGDP,1986-Q2,-0.245688838
JPN,QGDP,1986-Q3,0.585787749
JPN,QGDP,1986-Q4,0.788721108
JPN,QGDP,1987-Q1,-0.071725638
JPN,QGDP,1987-Q2,2.0955948
JPN,QGDP,1987-Q3,2.000277551
JPN,QGDP,1987-Q4,2.574799235
JPN,QGDP,1988-Q1,2.387212705
JPN,QGDP,1988-Q2,-0.145997226
JPN,QGDP,1988-Q3,2.230947392
JPN,QGDP,1988-Q4,1.053823715
JPN,QGDP,1989-Q1,2.698039962
JPN,QGDP,1989-Q2,-1.30573169
JPN,QGDP,1989-Q3,1.749678162
JPN,QGDP,1989-Q4,3.098252201
JPN,QGDP,1990-Q1,-0.475764015
JPN,QGDP,1990-Q2,3.153970057
JPN,QGDP,1990-Q3,1.676741547
JPN,QGDP,1990-Q4,-0.189979697
JPN,QGDP,1991-Q1,0.871317214
JPN,QGDP,1991-Q2,1.186411273
JPN,QGDP,1991-Q3,-0.22137912
JPN,QGDP,1991-Q4,0.702333496
JPN,QGDP,1992-Q1,0.031100621
JPN,QGDP,1992-Q2,0.35015406
JPN,QGDP,1992-Q3,0.117664944
JPN,QGDP,1992-Q4,-0.63750149
JPN,QGDP,1993-Q1,1.126858466
JPN,QGDP,1993-Q2,-0.633145863
JPN,QGDP,1993-Q3,-0.717862391
JPN,QGDP,1993-Q4,0.630002484
JPN,QGDP,1994-Q1,0.90080602
JPN,QGDP,1994-Q2,-0.574580654
JPN,QGDP,1994-Q3,1.17216312
JPN,QGDP,1994-Q4,-0.395727674
JPN,QGDP,1995-Q1,1.105891851
JPN,QGDP,1995-Q2,0.920653367
JPN,QGDP,1995-Q3,1.190638738
JPN,QGDP,1995-Q4,0.24916143
JPN,QGDP,1996-Q1,0.812644712
JPN,QGDP,1996-Q2,1.258667375
JPN,QGDP,1996-Q3,0.137356329
JPN,QGDP,1996-Q4,1.125115108
JPN,QGDP,1997-Q1,0.25466799
JPN,QGDP,1997-Q2,-0.764606577
JPN,QGDP,1997-Q3,0.207093488
JPN,QGDP,1997-Q4,0.042159091
JPN,QGDP,1998-Q1,-1.22241273
JPN,QGDP,1998-Q2,-0.442009087
JPN,QGDP,1998-Q3,0.182510954
JPN,QGDP,1998-Q4,0.807391957
JPN,QGDP,1999-Q1,-1.377686974
JPN,QGDP,1999-Q2,0.377698461
JPN,QGDP,1999-Q3,0.532935131
JPN,QGDP,1999-Q4,0.036253723
JPN,QGDP,2000-Q1,1.697860767
JPN,QGDP,2000-Q2,0.473702637
JPN,QGDP,2000-Q3,0.025553216
JPN,QGDP,2000-Q4,0.971893874
JPN,QGDP,2001-Q1,0.742368741
JPN,QGDP,2001-Q2,-0.75053582
JPN,QGDP,2001-Q3,-1.089500701
JPN,QGDP,2001-Q4,-0.34098892
JPN,QGDP,2002-Q1,0.168733714
JPN,QGDP,2002-Q2,0.810317312
JPN,QGDP,2002-Q3,0.314155183
JPN,QGDP,2002-Q4,0.278100263
JPN,QGDP,2003-Q1,0.062481077
JPN,QGDP,2003-Q2,0.68753918
JPN,QGDP,2003-Q3,0.29478826
JPN,QGDP,2003-Q4,1.088073015
JPN,QGDP,2004-Q1,0.734395772
JPN,QGDP,2004-Q2,0.016466284
JPN,QGDP,2004-Q3,0.611643653
JPN,QGDP,2004-Q4,-0.194202492
JPN,QGDP,2005-Q1,0.515142751
JPN,QGDP,2005-Q2,0.78092818
JPN,QGDP,2005-Q3,1.014260746
JPN,QGDP,2005-Q4,0.173084581
JPN,QGDP,2006-Q1,0.153653824
JPN,QGDP,2006-Q2,0.164013317
JPN,QGDP,2006-Q3,-0.19997591
JPN,QGDP,2006-Q4,1.339622116
JPN,QGDP,2007-Q1,0.661949192
JPN,QGDP,2007-Q2,0.046983349
JPN,QGDP,2007-Q3,-0.54251844
JPN,QGDP,2007-Q4,0.423889971
JPN,QGDP,2008-Q1,0.353357092
JPN,QGDP,2008-Q2,-0.567317126
JPN,QGDP,2008-Q3,-1.246661865
JPN,QGDP,2008-Q4,-2.474369691
JPN,QGDP,2009-Q1,-4.808010488
JPN,QGDP,2009-Q2,1.963229732
JPN,QGDP,2009-Q3,-0.04444675
JPN,QGDP,2009-Q4,1.23382874
JPN,QGDP,2010-Q1,1.052701833
JPN,QGDP,2010-Q2,1.20076295
JPN,QGDP,2010-Q3,1.814213184
JPN,QGDP,2010-Q4,-0.816572242
JPN,QGDP,2011-Q1,-1.059534428
JPN,QGDP,2011-Q2,-0.859104907
JPN,QGDP,2011-Q3,2.432176915
JPN,QGDP,2011-Q4,-0.141893299
JPN,QGDP,2012-Q1,1.373454907
JPN,QGDP,2012-Q2,-0.897936171
JPN,QGDP,2012-Q3,-0.373529284
JPN,QGDP,2012-Q4,-0.07352438
JPN,QGDP,2013-Q1,1.374829293
JPN,QGDP,2013-Q2,0.904186503
JPN,QGDP,2013-Q3,0.964297533
JPN,QGDP,2013-Q4,-0.116491054
JPN,QGDP,2014-Q1,0.808302362
JPN,QGDP,2014-Q2,-1.814711845
JPN,QGDP,2014-Q3,0.094366633
JPN,QGDP,2014-Q4,0.474880801
JPN,QGDP,2015-Q1,1.535071604
JPN,QGDP,2015-Q2,0.14385764
JPN,QGDP,2015-Q3,0.090367098
JPN,QGDP,2015-Q4,-0.148106102
JPN,QGDP,2016-Q1,0.722481701
JPN,QGDP,2016-Q2,-0.133825744
JPN,QGDP,2016-Q3,0.176880788
JPN,QGDP,2016-Q4,0.150999159
JPN,QGDP,2017-Q1,0.801916465
JPN,QGDP,2017-Q2,0.427481859
JPN,QGDP,2017-Q3,0.760907856
JPN,QGDP,2017-Q4,0.094031789
JPN,QGDP,2018-Q1,0.13139815
JPN,QGDP,2018-Q2,0.397875379
JPN,QGDP,2018-Q3,-0.72538689
JPN,QGDP,2018-Q4,-0.206611346
JPN,QGDP,2019-Q1,0.479093832
JPN,QGDP,2019-Q2,0.519519855
JPN,QGDP,2019-Q3,0.01264466
JPN,QGDP,2019-Q4,-2.757102038
JPN,QGDP,2020-Q1,0.445943155
JPN,QGDP,2020-Q2,-7.940592892
JPN,QGDP,2020-Q3,5.305350263
JPN,QGDP,2020-Q4,1.834741628
JPN,QGDP,2021-Q1,-0.525160679
JPN,QGDP,2021-Q2,0.589797717
JPN,QGDP,2021-Q3,-0.688898265
JPN,QGDP,2021-Q4,1.321551523
OECD,QGDP,1970-Q2,1.198206356
OECD,QGDP,1970-Q3,1.362340374
OECD,QGDP,1970-Q4,0.070313107
OECD,QGDP,1971-Q1,0.895970395
OECD,QGDP,1971-Q2,1.219311251
OECD,QGDP,1971-Q3,1.341038635
OECD,QGDP,1971-Q4,0.528598381
OECD,QGDP,1972-Q1,1.538976531
OECD,QGDP,1972-Q2,1.798730117
OECD,QGDP,1972-Q3,1.283074159
OECD,QGDP,1972-Q4,1.75769257
OECD,QGDP,1973-Q1,2.332091598
OECD,QGDP,1973-Q2,1.101061694
OECD,QGDP,1973-Q3,0.365929671
OECD,QGDP,1973-Q4,1.134729756
OECD,QGDP,1974-Q1,-0.442628559
OECD,QGDP,1974-Q2,0.463737926
OECD,QGDP,1974-Q3,0.021197433
OECD,QGDP,1974-Q4,-0.610964568
OECD,QGDP,1975-Q1,-0.518828592
OECD,QGDP,1975-Q2,0.534131064
OECD,QGDP,1975-Q3,1.097341396
OECD,QGDP,1975-Q4,1.371549719
OECD,QGDP,1976-Q1,1.637674476
OECD,QGDP,1976-Q2,1.024552351
OECD,QGDP,1976-Q3,0.885912448
OECD,QGDP,1976-Q4,0.951076405
OECD,QGDP,1977-Q1,0.909733931
OECD,QGDP,1977-Q2,0.871941082
OECD,QGDP,1977-Q3,0.921335793
OECD,QGDP,1977-Q4,0.817012699
OECD,QGDP,1978-Q1,0.806599839
OECD,QGDP,1978-Q2,1.978439022
OECD,QGDP,1978-Q3,0.902483394
OECD,QGDP,1978-Q4,1.316692376
OECD,QGDP,1979-Q1,0.585998787
OECD,QGDP,1979-Q2,1.230632756
OECD,QGDP,1979-Q3,0.482745809
OECD,QGDP,1979-Q4,0.67965583
OECD,QGDP,1980-Q1,0.579767777
OECD,QGDP,1980-Q2,-1.055338717
OECD,QGDP,1980-Q3,0.289950899
OECD,QGDP,1980-Q4,1.163327909
OECD,QGDP,1981-Q1,1.053842926
OECD,QGDP,1981-Q2,0.215616626
OECD,QGDP,1981-Q3,0.641843209
OECD,QGDP,1981-Q4,-0.063086405
OECD,QGDP,1982-Q1,-0.289373764
OECD,QGDP,1982-Q2,0.25053534
OECD,QGDP,1982-Q3,-0.15023053
OECD,QGDP,1982-Q4,0.202449553
OECD,QGDP,1983-Q1,0.805881584
OECD,QGDP,1983-Q2,1.103623716
OECD,QGDP,1983-Q3,1.319676118
OECD,QGDP,1983-Q4,1.433656397
OECD,QGDP,1984-Q1,1.44736994
OECD,QGDP,1984-Q2,0.670769963
OECD,QGDP,1984-Q3,1.215256998
OECD,QGDP,1984-Q4,0.643400311
OECD,QGDP,1985-Q1,0.972902849
OECD,QGDP,1985-Q2,1.07270972
OECD,QGDP,1985-Q3,1.160708232
OECD,QGDP,1985-Q4,0.822699878
OECD,QGDP,1986-Q1,0.44149497
OECD,QGDP,1986-Q2,0.63963957
OECD,QGDP,1986-Q3,0.675514317
OECD,QGDP,1986-Q4,0.614599904
OECD,QGDP,1987-Q1,0.324430721
OECD,QGDP,1987-Q2,1.634837785
OECD,QGDP,1987-Q3,1.107934071
OECD,QGDP,1987-Q4,1.822448442
OECD,QGDP,1988-Q1,0.835353099
OECD,QGDP,1988-Q2,0.699513512
OECD,QGDP,1988-Q3,1.062976575
OECD,QGDP,1988-Q4,1.172235154
OECD,QGDP,1989-Q1,1.226854913
OECD,QGDP,1989-Q2,0.389526309
OECD,QGDP,1989-Q3,0.985990317
OECD,QGDP,1989-Q4,0.971868035
OECD,QGDP,1990-Q1,0.950876904
OECD,QGDP,1990-Q2,0.919896913
OECD,QGDP,1990-Q3,0.371048357
OECD,QGDP,1990-Q4,0.252043619
OECD,QGDP,1991-Q1,0.118227346
OECD,QGDP,1991-Q2,0.579069014
OECD,QGDP,1991-Q3,0.289433217
OECD,QGDP,1991-Q4,0.637873452
OECD,QGDP,1992-Q1,0.872281681
OECD,QGDP,1992-Q2,0.296817251
OECD,QGDP,1992-Q3,0.505876596
OECD,QGDP,1992-Q4,0.262254168
OECD,QGDP,1993-Q1,0.217193994
OECD,QGDP,1993-Q2,0.425788607
OECD,QGDP,1993-Q3,0.391603855
OECD,QGDP,1993-Q4,0.87050021
OECD,QGDP,1994-Q1,0.946652344
OECD,QGDP,1994-Q2,0.550980382
OECD,QGDP,1994-Q3,0.8977477
OECD,QGDP,1994-Q4,0.9674917
OECD,QGDP,1995-Q1,0.384229798
OECD,QGDP,1995-Q2,0.363241774
OECD,QGDP,1995-Q3,0.852287266
OECD,QGDP,1995-Q4,0.561491468
OECD,QGDP,1996-Q1,0.726647944
OECD,QGDP,1996-Q2,1.135771022
OECD,QGDP,1996-Q3,0.740810336
OECD,QGDP,1996-Q4,0.975079424
OECD,QGDP,1997-Q1,0.622872543
OECD,QGDP,1997-Q2,1.276894374
OECD,QGDP,1997-Q3,0.90234825
OECD,QGDP,1997-Q4,0.930895913
OECD,QGDP,1998-Q1,0.417240626
OECD,QGDP,1998-Q2,0.468619078
OECD,QGDP,1998-Q3,0.715146174
OECD,QGDP,1998-Q4,0.849017348
OECD,QGDP,1999-Q1,0.632232744
OECD,QGDP,1999-Q2,0.740549414
OECD,QGDP,1999-Q3,1.165217108
OECD,QGDP,1999-Q4,1.33006274
OECD,QGDP,2000-Q1,0.99294117
OECD,QGDP,2000-Q2,1.260438958
OECD,QGDP,2000-Q3,0.470368573
OECD,QGDP,2000-Q4,0.584275739
OECD,QGDP,2001-Q1,0.258712248
OECD,QGDP,2001-Q2,0.144783885
OECD,QGDP,2001-Q3,-0.085015244
OECD,QGDP,2001-Q4,0.185381127
OECD,QGDP,2002-Q1,0.551556507
OECD,QGDP,2002-Q2,0.80253493
OECD,QGDP,2002-Q3,0.513391587
OECD,QGDP,2002-Q4,0.326489029
OECD,QGDP,2003-Q1,0.199801412
OECD,QGDP,2003-Q2,0.517919889
OECD,QGDP,2003-Q3,1.047695455
OECD,QGDP,2003-Q4,1.07058786
OECD,QGDP,2004-Q1,0.772276547
OECD,QGDP,2004-Q2,0.702158122
OECD,QGDP,2004-Q3,0.604300398
OECD,QGDP,2004-Q4,0.686184398
OECD,QGDP,2005-Q1,0.753277524
OECD,QGDP,2005-Q2,0.666648222
OECD,QGDP,2005-Q3,0.902137324
OECD,QGDP,2005-Q4,0.76008017
OECD,QGDP,2006-Q1,1.031134972
OECD,QGDP,2006-Q2,0.681075297
OECD,QGDP,2006-Q3,0.371216455
OECD,QGDP,2006-Q4,0.975937567
OECD,QGDP,2007-Q1,0.679820996
OECD,QGDP,2007-Q2,0.651733721
OECD,QGDP,2007-Q3,0.519126856
OECD,QGDP,2007-Q4,0.70048209
OECD,QGDP,2008-Q1,0.190303301
OECD,QGDP,2008-Q2,0.019375509
OECD,QGDP,2008-Q3,-0.503516051
OECD,QGDP,2008-Q4,-1.99298465
OECD,QGDP,2009-Q1,-2.315156186
OECD,QGDP,2009-Q2,0.197511667
OECD,QGDP,2009-Q3,0.582381487
OECD,QGDP,2009-Q4,0.901599074
OECD,QGDP,2010-Q1,0.60166567
OECD,QGDP,2010-Q2,1.105193188
OECD,QGDP,2010-Q3,0.852293581
OECD,QGDP,2010-Q4,0.569531598
OECD,QGDP,2011-Q1,0.279169637
OECD,QGDP,2011-Q2,0.378683121
OECD,QGDP,2011-Q3,0.591340126
OECD,QGDP,2011-Q4,0.429425245
OECD,QGDP,2012-Q1,0.480866115
OECD,QGDP,2012-Q2,0.142375593
OECD,QGDP,2012-Q3,0.177459189
OECD,QGDP,2012-Q4,0.039960109
OECD,QGDP,2013-Q1,0.581979816
OECD,QGDP,2013-Q2,0.540324282
OECD,QGDP,2013-Q3,0.715258717
OECD,QGDP,2013-Q4,0.486070355
OECD,QGDP,2014-Q1,0.35761356
OECD,QGDP,2014-Q2,0.484965563
OECD,QGDP,2014-Q3,0.773900179
OECD,QGDP,2014-Q4,0.55272469
OECD,QGDP,2015-Q1,0.815999486
OECD,QGDP,2015-Q2,0.550192807
OECD,QGDP,2015-Q3,0.531908478
OECD,QGDP,2015-Q4,0.30797206
OECD,QGDP,2016-Q1,0.543938055
OECD,QGDP,2016-Q2,0.3661668
OECD,QGDP,2016-Q3,0.394379558
OECD,QGDP,2016-Q4,0.811246166
OECD,QGDP,2017-Q1,0.643305928
OECD,QGDP,2017-Q2,0.728235088
OECD,QGDP,2017-Q3,0.728888987
OECD,QGDP,2017-Q4,0.790812512
OECD,QGDP,2018-Q1,0.575202054
OECD,QGDP,2018-Q2,0.63815378
OECD,QGDP,2018-Q3,0.215067375
OECD,QGDP,2018-Q4,0.201914847
OECD,QGDP,2019-Q1,0.625042326
OECD,QGDP,2019-Q2,0.587902174
OECD,QGDP,2019-Q3,0.461170625
OECD,QGDP,2019-Q4,-0.005775116
OECD,QGDP,2020-Q1,-1.711141463
OECD,QGDP,2020-Q2,-10.44989806
OECD,QGDP,2020-Q3,9.430564039
OECD,QGDP,2020-Q4,1.018022799
OECD,QGDP,2021-Q1,0.773014905
OECD,QGDP,2021-Q2,1.713196183
OECD,QGDP,2021-Q3,1.121929838
OECD,QGDP,2021-Q4,1.2
RUS,QGDP,2003-Q2,1.115436542
RUS,QGDP,2003-Q3,1.688167184
RUS,QGDP,2003-Q4,1.823818769
RUS,QGDP,2004-Q1,1.878666931
RUS,QGDP,2004-Q2,1.927184041
RUS,QGDP,2004-Q3,1.514535194
RUS,QGDP,2004-Q4,1.118170784
RUS,QGDP,2005-Q1,1.748082059
RUS,QGDP,2005-Q2,1.522295172
RUS,QGDP,2005-Q3,1.762204946
RUS,QGDP,2005-Q4,2.062840474
RUS,QGDP,2006-Q1,1.930605205
RUS,QGDP,2006-Q2,1.925103954
RUS,QGDP,2006-Q3,2.296129166
RUS,QGDP,2006-Q4,1.899240513
RUS,QGDP,2007-Q1,1.813650933
RUS,QGDP,2007-Q2,2.52379819
RUS,QGDP,2007-Q3,2.20511038
RUS,QGDP,2007-Q4,3.193832161
RUS,QGDP,2008-Q1,2.653171822
RUS,QGDP,2008-Q2,0.621602394
RUS,QGDP,2008-Q3,-1.490668597
RUS,QGDP,2008-Q4,-3.252211484
RUS,QGDP,2009-Q1,-3.526981758
RUS,QGDP,2009-Q2,-1.458860781
RUS,QGDP,2009-Q3,0.410425161
RUS,QGDP,2009-Q4,1.081708456
RUS,QGDP,2010-Q1,2.138462021
RUS,QGDP,2010-Q2,0.950099062
RUS,QGDP,2010-Q3,0.523512525
RUS,QGDP,2010-Q4,1.25698003
RUS,QGDP,2011-Q1,1.155158313
RUS,QGDP,2011-Q2,0.947690943
RUS,QGDP,2011-Q3,1.151337174
RUS,QGDP,2011-Q4,1.207682223
RUS,QGDP,2012-Q1,1.570296481
RUS,QGDP,2012-Q2,0.387073923
RUS,QGDP,2012-Q3,0.516147564
RUS,QGDP,2012-Q4,0.067384631
RUS,QGDP,2013-Q1,0.740663422
RUS,QGDP,2013-Q2,0.340510666
RUS,QGDP,2013-Q3,0.040528552
RUS,QGDP,2013-Q4,0.577354817
RUS,QGDP,2014-Q1,-0.007460833
RUS,QGDP,2014-Q2,0.4816152
RUS,QGDP,2014-Q3,-0.318118911
RUS,QGDP,2014-Q4,-0.235289925
RUS,QGDP,2015-Q1,-1.017222508
RUS,QGDP,2015-Q2,-0.669807617
RUS,QGDP,2015-Q3,0.193525875
RUS,QGDP,2015-Q4,-0.257791317
RUS,QGDP,2016-Q1,0.190057524
RUS,QGDP,2016-Q2,0.053848741
RUS,QGDP,2016-Q3,0.100716464
RUS,QGDP,2016-Q4,0.825105938
RUS,QGDP,2017-Q1,0.201684982
RUS,QGDP,2017-Q2,0.690456285
RUS,QGDP,2017-Q3,0.679484492
RUS,QGDP,2017-Q4,0.020994643
RUS,QGDP,2018-Q1,1.356032191
RUS,QGDP,2018-Q2,0.55794654
RUS,QGDP,2018-Q3,0.241368821
RUS,QGDP,2018-Q4,0.663966548
RUS,QGDP,2019-Q1,-0.038077851
RUS,QGDP,2019-Q2,2.261719554
RUS,QGDP,2019-Q3,-0.978355601
RUS,QGDP,2019-Q4,-0.452487734
RUS,QGDP,2020-Q1,-0.196323318
RUS,QGDP,2020-Q2,-4.485002074
RUS,QGDP,2020-Q3,2.7780786
RUS,QGDP,2020-Q4,0.739743224
RUS,QGDP,2021-Q1,0.680789326
RUS,QGDP,2021-Q2,3.190933741
RUS,QGDP,2021-Q3,-0.794505895
USA,QGDP,1970-Q2,0.141930001
USA,QGDP,1970-Q3,0.92155083
USA,QGDP,1970-Q4,-1.071638106
USA,QGDP,1971-Q1,2.715992789
USA,QGDP,1971-Q2,0.54112008
USA,QGDP,1971-Q3,0.822967085
USA,QGDP,1971-Q4,0.235783839
USA,QGDP,1972-Q1,1.838958884
USA,QGDP,1972-Q2,2.269772354
USA,QGDP,1972-Q3,0.944381888
USA,QGDP,1972-Q4,1.674458738
USA,QGDP,1973-Q1,2.474806377
USA,QGDP,1973-Q2,1.08866253
USA,QGDP,1973-Q3,-0.525898536
USA,QGDP,1973-Q4,0.949216043
USA,QGDP,1974-Q1,-0.859772574
USA,QGDP,1974-Q2,0.237683227
USA,QGDP,1974-Q3,-0.945142778
USA,QGDP,1974-Q4,-0.388140783
USA,QGDP,1975-Q1,-1.217285876
USA,QGDP,1975-Q2,0.714536216
USA,QGDP,1975-Q3,1.711651967
USA,QGDP,1975-Q4,1.346524152
USA,QGDP,1976-Q1,2.248760121
USA,QGDP,1976-Q2,0.733700577
USA,QGDP,1976-Q3,0.548705764
USA,QGDP,1976-Q4,0.724850978
USA,QGDP,1977-Q1,1.181483598
USA,QGDP,1977-Q2,1.944113078
USA,QGDP,1977-Q3,1.804355899
USA,QGDP,1977-Q4,0.002185772
USA,QGDP,1978-Q1,0.319163241
USA,QGDP,1978-Q2,3.864270188
USA,QGDP,1978-Q3,1.005517127
USA,QGDP,1978-Q4,1.344143064
USA,QGDP,1979-Q1,0.179787288
USA,QGDP,1979-Q2,0.106919831
USA,QGDP,1979-Q3,0.742871468
USA,QGDP,1979-Q4,0.250075034
USA,QGDP,1980-Q1,0.314519076
USA,QGDP,1980-Q2,-2.060472164
USA,QGDP,1980-Q3,-0.118847117
USA,QGDP,1980-Q4,1.864925605
USA,QGDP,1981-Q1,1.959429461
USA,QGDP,1981-Q2,-0.741063613
USA,QGDP,1981-Q3,1.19752521
USA,QGDP,1981-Q4,-1.089564087
USA,QGDP,1982-Q1,-1.553544479
USA,QGDP,1982-Q2,0.456198515
USA,QGDP,1982-Q3,-0.382299274
USA,QGDP,1982-Q4,0.039946274
USA,QGDP,1983-Q1,1.317847576
USA,QGDP,1983-Q2,2.275612439
USA,QGDP,1983-Q3,1.999064294
USA,QGDP,1983-Q4,2.086217479
USA,QGDP,1984-Q1,1.954770289
USA,QGDP,1984-Q2,1.727792663
USA,QGDP,1984-Q3,0.964063628
USA,QGDP,1984-Q4,0.820857146
USA,QGDP,1985-Q1,0.969072301
USA,QGDP,1985-Q2,0.880466353
USA,QGDP,1985-Q3,1.527121263
USA,QGDP,1985-Q4,0.743327344
USA,QGDP,1986-Q1,0.933524708
USA,QGDP,1986-Q2,0.450377363
USA,QGDP,1986-Q3,0.956992886
USA,QGDP,1986-Q4,0.536985718
USA,QGDP,1987-Q1,0.74501963
USA,QGDP,1987-Q2,1.078842316
USA,QGDP,1987-Q3,0.867566856
USA,QGDP,1987-Q4,1.717036096
USA,QGDP,1988-Q1,0.516654167
USA,QGDP,1988-Q2,1.313900617
USA,QGDP,1988-Q3,0.585928314
USA,QGDP,1988-Q4,1.332500553
USA,QGDP,1989-Q1,1.016597674
USA,QGDP,1989-Q2,0.763265657
USA,QGDP,1989-Q3,0.740876994
USA,QGDP,1989-Q4,0.197050974
USA,QGDP,1990-Q1,1.092795416
USA,QGDP,1990-Q2,0.36291179
USA,QGDP,1990-Q3,0.066512432
USA,QGDP,1990-Q4,-0.910394541
USA,QGDP,1991-Q1,-0.467867584
USA,QGDP,1991-Q2,0.779718038
USA,QGDP,1991-Q3,0.505338431
USA,QGDP,1991-Q4,0.348563902
USA,QGDP,1992-Q1,1.197157574
USA,QGDP,1992-Q2,1.084320604
USA,QGDP,1992-Q3,0.988107189
USA,QGDP,1992-Q4,1.042879871
USA,QGDP,1993-Q1,0.166979092
USA,QGDP,1993-Q2,0.582113453
USA,QGDP,1993-Q3,0.477156587
USA,QGDP,1993-Q4,1.36007556
USA,QGDP,1994-Q1,0.97031284
USA,QGDP,1994-Q2,1.355099752
USA,QGDP,1994-Q3,0.584536016
USA,QGDP,1994-Q4,1.145518265
USA,QGDP,1995-Q1,0.35469547
USA,QGDP,1995-Q2,0.298305699
USA,QGDP,1995-Q3,0.850664868
USA,QGDP,1995-Q4,0.679036536
USA,QGDP,1996-Q1,0.748971329
USA,QGDP,1996-Q2,1.667883947
USA,QGDP,1996-Q3,0.897010936
USA,QGDP,1996-Q4,1.038397649
USA,QGDP,1997-Q1,0.645560777
USA,QGDP,1997-Q2,1.661978105
USA,QGDP,1997-Q3,1.250778573
USA,QGDP,1997-Q4,0.858743563
USA,QGDP,1998-Q1,0.999375401
USA,QGDP,1998-Q2,0.925820507
USA,QGDP,1998-Q3,1.252764553
USA,QGDP,1998-Q4,1.616190702
USA,QGDP,1999-Q1,0.943826615
USA,QGDP,1999-Q2,0.83500003
USA,QGDP,1999-Q3,1.323027026
USA,QGDP,1999-Q4,1.642779005
USA,QGDP,2000-Q1,0.364447361
USA,QGDP,2000-Q2,1.820583008
USA,QGDP,2000-Q3,0.099774128
USA,QGDP,2000-Q4,0.594361755
USA,QGDP,2001-Q1,-0.324221003
USA,QGDP,2001-Q2,0.621389215
USA,QGDP,2001-Q3,-0.400349016
USA,QGDP,2001-Q4,0.277314358
USA,QGDP,2002-Q1,0.828227216
USA,QGDP,2002-Q2,0.615502456
USA,QGDP,2002-Q3,0.403528704
USA,QGDP,2002-Q4,0.130655767
USA,QGDP,2003-Q1,0.516723187
USA,QGDP,2003-Q2,0.893377801
USA,QGDP,2003-Q3,1.66689627
USA,QGDP,2003-Q4,1.154045728
USA,QGDP,2004-Q1,0.572916486
USA,QGDP,2004-Q2,0.778738758
USA,QGDP,2004-Q3,0.941247225
USA,QGDP,2004-Q4,1.022027369
USA,QGDP,2005-Q1,1.110882508
USA,QGDP,2005-Q2,0.486604478
USA,QGDP,2005-Q3,0.78562198
USA,QGDP,2005-Q4,0.567928238
USA,QGDP,2006-Q1,1.34866612
USA,QGDP,2006-Q2,0.245583731
USA,QGDP,2006-Q3,0.150456188
USA,QGDP,2006-Q4,0.843711696
USA,QGDP,2007-Q1,0.293598861
USA,QGDP,2007-Q2,0.63843453
USA,QGDP,2007-Q3,0.602306657
USA,QGDP,2007-Q4,0.609644003
USA,QGDP,2008-Q1,-0.407429474
USA,QGDP,2008-Q2,0.572295345
USA,QGDP,2008-Q3,-0.526892902
USA,QGDP,2008-Q4,-2.183097148
USA,QGDP,2009-Q1,-1.165722531
USA,QGDP,2009-Q2,-0.169238139
USA,QGDP,2009-Q3,0.361929991
USA,QGDP,2009-Q4,1.06796195
USA,QGDP,2010-Q1,0.500053481
USA,QGDP,2010-Q2,0.967704639
USA,QGDP,2010-Q3,0.77314415
USA,QGDP,2010-Q4,0.519595159
USA,QGDP,2011-Q1,-0.240916068
USA,QGDP,2011-Q2,0.678050751
USA,QGDP,2011-Q3,-0.038767163
USA,QGDP,2011-Q4,1.121678183
USA,QGDP,2012-Q1,0.817922845
USA,QGDP,2012-Q2,0.455859987
USA,QGDP,2012-Q3,0.174882978
USA,QGDP,2012-Q4,0.109838067
USA,QGDP,2013-Q1,0.867789548
USA,QGDP,2013-Q2,0.13938522
USA,QGDP,2013-Q3,0.791653411
USA,QGDP,2013-Q4,0.711171002
USA,QGDP,2014-Q1,-0.350109737
USA,QGDP,2014-Q2,1.284128907
USA,QGDP,2014-Q3,1.164961644
USA,QGDP,2014-Q4,0.448993402
USA,QGDP,2015-Q1,0.813313626
USA,QGDP,2015-Q2,0.580001432
USA,QGDP,2015-Q3,0.323372673
USA,QGDP,2015-Q4,0.146234347
USA,QGDP,2016-Q1,0.589179869
USA,QGDP,2016-Q2,0.302388807
USA,QGDP,2016-Q3,0.601115379
USA,QGDP,2016-Q4,0.496888796
USA,QGDP,2017-Q1,0.471931042
USA,QGDP,2017-Q2,0.559764823
USA,QGDP,2017-Q3,0.719149991
USA,QGDP,2017-Q4,0.940399838
USA,QGDP,2018-Q1,0.762854036
USA,QGDP,2018-Q2,0.833910909
USA,QGDP,2018-Q3,0.481952559
USA,QGDP,2018-Q4,0.223141835
USA,QGDP,2019-Q1,0.59779029
USA,QGDP,2019-Q2,0.792924408
USA,QGDP,2019-Q3,0.685498791
USA,QGDP,2019-Q4,0.469097618
USA,QGDP,2020-Q1,-1.303582746
USA,QGDP,2020-Q2,-8.937250501
USA,QGDP,2020-Q3,7.547534636
USA,QGDP,2020-Q4,1.115276766
USA,QGDP,2021-Q1,1.533889627
USA,QGDP,2021-Q2,1.64074654
USA,QGDP,2021-Q3,0.570948111
USA,QGDP,2021-Q4,1.679094392